{
  "name": "Huaqiu KiCad Library",
  "description": "Huaqiu datasource for the KiCad schematic remote symbol panel.",
  "description_full": "Huaqiu datasource for the KiCad schematic remote symbol panel.\nSee https://www.eda.cn/ for more details.",
  "identifier": "com.github.Huaqiu-Electronics.kicad-library",
  "type": "datasource",
  "author": {
    "name": "Ethan Chien",
    "contact": {
      "url": "https://github.com/Huaqiu-Electronics"
    }
  },
  "license": "MIT",
  "resources": {
    "server": "https://www.eda.cn/kicadLibrary",
    "instructions": "https://github.com/Huaqiu-Electronics/kicad-library"
  },
  "versions": [
    {
      "kicad_version": "10.0.0",
      "version": "1.0.1",
      "status": "stable",
      "platforms": [
        "windows",
        "macos",
        "linux"
      ]
    }
  ]
}
